model,origin,segment,n_series,wql,mase
deepar,1885,overall,2001,0.4820700808997336,1.2135726050839475
